opponent,seed,seat,margin,primary_reason,secondary_reason,evidence,status
15-16-strict-future-v25-meta-reset,11,0,2352.0,雇工规模不足,路线吞吐不足,land second_land_day=day_7_vs_6; animals=15 vs 12; crops=2 vs 3; max_hands=12 vs 14; weeds=9 vs 2; sell_qty=1123 vs 1454,"[""DONE"", ""DONE""]"
15-16-strict-future-v25-meta-reset,11,1,16400.0,雇工规模不足,路线吞吐不足,land second_land_day=day_7_vs_6; animals=15 vs 12; crops=1 vs 3; max_hands=12 vs 14; weeds=13 vs 2; sell_qty=1134 vs 1454,"[""DONE"", ""DONE""]"
15-16-strict-future-v25-meta-reset,47,0,-12663.0,雇工规模不足,路线吞吐不足,land second_land_day=day_7_vs_6; animals=15 vs 11; max_hands=12 vs 14; weeds=15 vs 2; sell_qty=997 vs 1454,"[""DONE"", ""DONE""]"
15-16-strict-future-v25-meta-reset,47,1,-21643.0,雇工规模不足,路线吞吐不足,land second_land_day=day_7_vs_6; animals=15 vs 11; crops=0 vs 3; max_hands=12 vs 14; weeds=13 vs 2; sell_qty=1052 vs 1454,"[""DONE"", ""DONE""]"
15-16-strict-future-v25-meta-reset,101,0,8283.0,雇工规模不足,路线吞吐不足,land second_land_day=day_7_vs_6; animals=15 vs 11; crops=0 vs 3; max_hands=12 vs 14; weeds=19 vs 2; sell_qty=1095 vs 1454,"[""DONE"", ""DONE""]"
15-16-strict-future-v25-meta-reset,101,1,7591.0,杂草占用有效土地,清理路线吞吐不足,land second_land_day=day_7_vs_6; animals=15 vs 11; crops=0 vs 3; max_hands=12 vs 14; weeds=29 vs 3; sell_qty=1102 vs 1454,"[""DONE"", ""DONE""]"
kaggriculture-3000-socre,11,0,-25638.0,销售周转不足,有效产出没有及时变现,"land second_land_day=day_7_vs_6, third_land_day=day_12_vs_11; animals=13 vs 14; weeds=11 vs 18; buy_qty=519 vs 739; sell_qty=1094 vs 3832","[""DONE"", ""DONE""]"
kaggriculture-3000-socre,11,1,-16851.0,销售周转不足,有效产出没有及时变现,land second_land_day=day_7_vs_6; animals=13 vs 14; crops=0 vs 1; weeds=4 vs 18; buy_qty=532 vs 739; sell_qty=1166 vs 3832,"[""DONE"", ""DONE""]"
kaggriculture-3000-socre,47,0,-20511.0,销售周转不足,有效产出没有及时变现,land second_land_day=day_7_vs_6; animals=15 vs 14; crops=6 vs 1; max_hands=14 vs 12; weeds=5 vs 26; buy_qty=465 vs 1061; sell_qty=1078 vs 4013,"[""DONE"", ""DONE""]"
kaggriculture-3000-socre,47,1,-21616.0,销售周转不足,有效产出没有及时变现,land second_land_day=day_7_vs_6; animals=15 vs 14; crops=6 vs 1; max_hands=14 vs 12; weeds=5 vs 26; buy_qty=469 vs 1061; sell_qty=1091 vs 4013,"[""DONE"", ""DONE""]"
kaggriculture-3000-socre,101,0,-16070.0,销售周转不足,有效产出没有及时变现,land second_land_day=day_7_vs_6; animals=15 vs 14; crops=0 vs 1; weeds=21 vs 18; buy_qty=477 vs 739; sell_qty=1105 vs 3911,"[""DONE"", ""DONE""]"
kaggriculture-3000-socre,101,1,-16070.0,销售周转不足,有效产出没有及时变现,land second_land_day=day_7_vs_6; animals=15 vs 14; crops=0 vs 1; weeds=20 vs 19; buy_qty=477 vs 739; sell_qty=1105 vs 3911,"[""DONE"", ""DONE""]"
kaggriculture-breaking-the-tie-2883-score,11,0,6453.0,雇工规模不足,路线吞吐不足,"land second_land_day=day_7_vs_6, third_land_day=day_11_vs_10; animals=15 vs 12; crops=2 vs 1; max_hands=12 vs 14; weeds=4 vs 6; sell_qty=1097 vs 1708","[""DONE"", ""DONE""]"
kaggriculture-breaking-the-tie-2883-score,11,1,2013.0,雇工规模不足,路线吞吐不足,land second_land_day=day_7_vs_6; animals=15 vs 12; max_hands=12 vs 14; weeds=2 vs 5; sell_qty=1122 vs 1712,"[""DONE"", ""DONE""]"
kaggriculture-breaking-the-tie-2883-score,47,0,-19732.0,雇工规模不足,路线吞吐不足,land second_land_day=day_7_vs_6; animals=15 vs 12; crops=2 vs 1; max_hands=12 vs 14; weeds=7 vs 6; sell_qty=1004 vs 1711,"[""DONE"", ""DONE""]"
kaggriculture-breaking-the-tie-2883-score,47,1,-32096.0,杂草占用有效土地,清理路线吞吐不足,land second_land_day=day_7_vs_6; animals=15 vs 12; crops=0 vs 1; max_hands=12 vs 14; weeds=24 vs 5; sell_qty=1047 vs 1712,"[""DONE"", ""DONE""]"
kaggriculture-breaking-the-tie-2883-score,101,0,-25437.0,雇工规模不足,路线吞吐不足,land second_land_day=day_7_vs_6; animals=15 vs 12; max_hands=12 vs 14; weeds=14 vs 6; sell_qty=1083 vs 1712,"[""DONE"", ""DONE""]"
kaggriculture-breaking-the-tie-2883-score,101,1,-25023.0,雇工规模不足,路线吞吐不足,land second_land_day=day_7_vs_6; animals=15 vs 12; max_hands=12 vs 14; weeds=19 vs 6; sell_qty=1089 vs 1712,"[""DONE"", ""DONE""]"
kaggriculture-frontier-the-soil-remembers-rain,11,0,4282.0,雇工规模不足,路线吞吐不足,land second_land_day=day_7_vs_6; animals=15 vs 12; crops=3 vs 1; max_hands=12 vs 14; weeds=3 vs 5; sell_qty=1105 vs 1948,"[""DONE"", ""DONE""]"
kaggriculture-frontier-the-soil-remembers-rain,11,1,5837.0,雇工规模不足,路线吞吐不足,land second_land_day=day_7_vs_6; animals=15 vs 12; crops=2 vs 1; max_hands=12 vs 14; weeds=7 vs 5; sell_qty=1076 vs 1948,"[""DONE"", ""DONE""]"
kaggriculture-frontier-the-soil-remembers-rain,47,0,-20657.0,雇工规模不足,路线吞吐不足,"land second_land_day=day_7_vs_6, third_land_day=day_11_vs_10; animals=15 vs 12; crops=4 vs 1; max_hands=12 vs 14; weeds=12 vs 5; sell_qty=1033 vs 1948","[""DONE"", ""DONE""]"
kaggriculture-frontier-the-soil-remembers-rain,47,1,-27078.0,雇工规模不足,路线吞吐不足,land second_land_day=day_7_vs_6; animals=15 vs 12; crops=0 vs 1; max_hands=12 vs 14; weeds=19 vs 5; sell_qty=1055 vs 1948,"[""DONE"", ""DONE""]"
kaggriculture-frontier-the-soil-remembers-rain,101,0,-40613.0,杂草占用有效土地,清理路线吞吐不足,land second_land_day=day_7_vs_6; animals=15 vs 12; crops=0 vs 1; max_hands=12 vs 14; weeds=21 vs 6; sell_qty=1052 vs 1948,"[""DONE"", ""DONE""]"
kaggriculture-frontier-the-soil-remembers-rain,101,1,-40848.0,雇工规模不足,路线吞吐不足,land second_land_day=day_7_vs_6; animals=15 vs 12; crops=0 vs 1; max_hands=12 vs 14; weeds=15 vs 6; sell_qty=1057 vs 1948,"[""DONE"", ""DONE""]"
kaggriculture-multi-route-farming-agent,11,0,-17217.0,销售周转不足,有效产出没有及时变现,land second_land_day=day_7_vs_6; animals=13 vs 14; crops=0 vs 4; weeds=3 vs 12; buy_qty=532 vs 701; sell_qty=1214 vs 4588,"[""DONE"", ""DONE""]"
kaggriculture-multi-route-farming-agent,11,1,-16609.0,销售周转不足,有效产出没有及时变现,land second_land_day=day_7_vs_6; animals=13 vs 14; crops=0 vs 4; weeds=2 vs 11; buy_qty=525 vs 701; sell_qty=1206 vs 4588,"[""DONE"", ""DONE""]"
kaggriculture-multi-route-farming-agent,47,0,-8262.0,销售周转不足,有效产出没有及时变现,land second_land_day=day_7_vs_6; crops=6 vs 2; max_hands=14 vs 12; weeds=9 vs 31; buy_qty=462 vs 1018; sell_qty=1052 vs 4740,"[""DONE"", ""DONE""]"
kaggriculture-multi-route-farming-agent,47,1,-8043.0,销售周转不足,有效产出没有及时变现,land second_land_day=day_7_vs_6; crops=6 vs 2; max_hands=14 vs 12; weeds=7 vs 31; buy_qty=461 vs 1018; sell_qty=1052 vs 4740,"[""DONE"", ""DONE""]"
kaggriculture-multi-route-farming-agent,101,0,-16777.0,杂草占用有效土地,清理路线吞吐不足,land second_land_day=day_7_vs_6; animals=15 vs 14; crops=0 vs 4; weeds=21 vs 11; buy_qty=474 vs 701; sell_qty=1115 vs 4622,"[""DONE"", ""DONE""]"
kaggriculture-multi-route-farming-agent,101,1,-17517.0,杂草占用有效土地,清理路线吞吐不足,land second_land_day=day_7_vs_6; animals=15 vs 14; crops=0 vs 4; weeds=21 vs 12; buy_qty=477 vs 701; sell_qty=1103 vs 4622,"[""DONE"", ""DONE""]"
kaggriculture-pure-architecture-2600-elo-v3,11,0,7.0,销售周转不足,有效产出没有及时变现,animals=12 vs 13; crops=0 vs 7; weeds=8 vs 21; buy_qty=413 vs 1112; sell_qty=1066 vs 3527,"[""DONE"", ""DONE""]"
kaggriculture-pure-architecture-2600-elo-v3,11,1,1465.0,销售周转不足,有效产出没有及时变现,animals=12 vs 13; crops=0 vs 7; weeds=15 vs 19; buy_qty=403 vs 1112; sell_qty=1060 vs 3527,"[""DONE"", ""DONE""]"
kaggriculture-pure-architecture-2600-elo-v3,47,0,1477.0,销售周转不足,有效产出没有及时变现,animals=12 vs 13; crops=1 vs 7; weeds=12 vs 20; buy_qty=425 vs 1112; sell_qty=1002 vs 3527,"[""DONE"", ""DONE""]"
kaggriculture-pure-architecture-2600-elo-v3,47,1,4926.0,销售周转不足,有效产出没有及时变现,crops=0 vs 7; weeds=14 vs 19; buy_qty=437 vs 1112; sell_qty=1119 vs 3527,"[""DONE"", ""DONE""]"
kaggriculture-pure-architecture-2600-elo-v3,101,0,7524.0,销售周转不足,有效产出没有及时变现,crops=0 vs 7; weeds=15 vs 20; buy_qty=439 vs 1112; sell_qty=1053 vs 3527,"[""DONE"", ""DONE""]"
kaggriculture-pure-architecture-2600-elo-v3,101,1,3960.0,销售周转不足,有效产出没有及时变现,crops=0 vs 7; weeds=16 vs 20; buy_qty=439 vs 1112; sell_qty=1033 vs 3527,"[""DONE"", ""DONE""]"
kaggriculture-rank-your-agent,11,0,6906.0,雇工规模不足,路线吞吐不足,"land second_land_day=day_7_vs_6, third_land_day=day_11_vs_10; animals=15 vs 12; crops=2 vs 1; max_hands=12 vs 14; weeds=4 vs 5; sell_qty=1090 vs 1979","[""DONE"", ""DONE""]"
kaggriculture-rank-your-agent,11,1,1083.0,雇工规模不足,路线吞吐不足,land second_land_day=day_7_vs_6; animals=15 vs 12; max_hands=12 vs 14; weeds=2 vs 5; sell_qty=1118 vs 1979,"[""DONE"", ""DONE""]"
kaggriculture-rank-your-agent,47,0,-19087.0,雇工规模不足,路线吞吐不足,land second_land_day=day_7_vs_6; animals=15 vs 12; crops=2 vs 1; max_hands=12 vs 14; weeds=13 vs 6; sell_qty=1042 vs 1971,"[""DONE"", ""DONE""]"
kaggriculture-rank-your-agent,47,1,-31383.0,杂草占用有效土地,清理路线吞吐不足,land second_land_day=day_7_vs_6; animals=15 vs 12; crops=0 vs 1; max_hands=12 vs 14; weeds=23 vs 5; sell_qty=1060 vs 1981,"[""DONE"", ""DONE""]"
kaggriculture-rank-your-agent,101,0,-28362.0,雇工规模不足,路线吞吐不足,land second_land_day=day_7_vs_6; animals=15 vs 12; crops=0 vs 1; max_hands=12 vs 14; weeds=12 vs 6; sell_qty=1086 vs 1981,"[""DONE"", ""DONE""]"
kaggriculture-rank-your-agent,101,1,-30166.0,雇工规模不足,路线吞吐不足,land second_land_day=day_7_vs_6; animals=15 vs 12; crops=0 vs 1; max_hands=12 vs 14; weeds=13 vs 6; sell_qty=1080 vs 1981,"[""DONE"", ""DONE""]"
strong-barnyard-economist,11,0,2968.0,雇工规模不足,路线吞吐不足,animals=15 vs 14; crops=2 vs 4; max_hands=12 vs 14; weeds=2 vs 19; sell_qty=1087 vs 1343,"[""DONE"", ""DONE""]"
strong-barnyard-economist,11,1,11070.0,雇工规模不足,路线吞吐不足,animals=15 vs 14; crops=2 vs 4; max_hands=12 vs 14; weeds=14 vs 19; sell_qty=1092 vs 1343,"[""DONE"", ""DONE""]"
strong-barnyard-economist,47,0,-10133.0,雇工规模不足,路线吞吐不足,animals=15 vs 14; crops=1 vs 4; max_hands=12 vs 14; weeds=11 vs 19; sell_qty=1049 vs 1343,"[""DONE"", ""DONE""]"
strong-barnyard-economist,47,1,-10133.0,雇工规模不足,路线吞吐不足,animals=15 vs 14; crops=1 vs 4; max_hands=12 vs 14; weeds=12 vs 19; sell_qty=1049 vs 1343,"[""DONE"", ""DONE""]"
strong-barnyard-economist,101,0,1064.0,杂草占用有效土地,清理路线吞吐不足,animals=15 vs 14; crops=0 vs 4; max_hands=12 vs 14; weeds=29 vs 19; sell_qty=1100 vs 1343,"[""DONE"", ""DONE""]"
strong-barnyard-economist,101,1,144.0,雇工规模不足,路线吞吐不足,animals=15 vs 14; crops=0 vs 4; max_hands=12 vs 14; weeds=16 vs 20; sell_qty=1093 vs 1343,"[""DONE"", ""DONE""]"
v111-8c4s-economic-core-premium-lead,11,0,6229.0,雇工规模不足,路线吞吐不足,"land second_land_day=day_7_vs_6, third_land_day=day_11_vs_10; animals=15 vs 12; crops=2 vs 1; max_hands=12 vs 14; weeds=4 vs 5; sell_qty=1094 vs 1679","[""DONE"", ""DONE""]"
v111-8c4s-economic-core-premium-lead,11,1,1117.0,雇工规模不足,路线吞吐不足,land second_land_day=day_7_vs_6; animals=15 vs 12; max_hands=12 vs 14; weeds=2 vs 5; sell_qty=1114 vs 1679,"[""DONE"", ""DONE""]"
v111-8c4s-economic-core-premium-lead,47,0,-20101.0,雇工规模不足,路线吞吐不足,land second_land_day=day_7_vs_6; animals=15 vs 12; crops=2 vs 1; max_hands=12 vs 14; weeds=6 vs 5; sell_qty=1017 vs 1679,"[""DONE"", ""DONE""]"
v111-8c4s-economic-core-premium-lead,47,1,-32115.0,杂草占用有效土地,清理路线吞吐不足,land second_land_day=day_7_vs_6; animals=15 vs 12; crops=0 vs 1; max_hands=12 vs 14; weeds=24 vs 5; sell_qty=1047 vs 1679,"[""DONE"", ""DONE""]"
v111-8c4s-economic-core-premium-lead,101,0,-25178.0,雇工规模不足,路线吞吐不足,land second_land_day=day_7_vs_6; animals=15 vs 12; max_hands=12 vs 14; weeds=15 vs 6; sell_qty=1082 vs 1679,"[""DONE"", ""DONE""]"
v111-8c4s-economic-core-premium-lead,101,1,-25041.0,杂草占用有效土地,清理路线吞吐不足,land second_land_day=day_7_vs_6; animals=15 vs 12; max_hands=12 vs 14; weeds=21 vs 6; sell_qty=1089 vs 1679,"[""DONE"", ""DONE""]"
